longitude,latitude,F0,F1,F2,F3,F4,F5,F6,F7,F8,F9,F10,target
4.75,3.25,208.0,3631.0,3280.0,2842.0,6.723999977,236.2515717,34.91081619,2.29893589,33.74625015,27.97602463,0.0,0.0
9.25,2.75,83.0,1839.0,1490.0,811.0,2.642000094,181.1830902,34.81497574,4.316030979,26.5461483,27.86258507,0.0,0.0
9.75,3.25,26.0,622.0,61.0,0.0,7.517999969,222.8787994,33.27612686,28.1750164,22.3724575,27.8527298,0.0,0.0
6.75,4.25,23.0,94.0,17.0,0.0,10.82799956,220.0475769,33.88333511,28.80182648,27.96509552,27.89378929,0.0,0.0
1.25,5.75,51.0,2729.0,1177.0,1.0,23.18000048,220.9782715,34.95883942,3.610812902,33.54463577,27.3786869,0.0,0.0
2.25,5.25,139.0,3703.0,3425.0,3012.0,14.54299968,235.7295074,34.8990097,2.137883902,34.1847229,27.86058617,0.0,0.0
1.25,6.25,8.0,85.0,27.0,0.0,23.95969816,212.4585419,35.23009491,26.57334709,33.02318573,27.26926613,0.0,0.0
1.75,6.25,16.0,1295.0,193.0,0.0,17.96500012,213.6737061,35.24300003,26.81876945,32.78376389,27.44004631,0.0,0.0
2.25,6.25,20.0,1695.0,449.0,0.0,17.54499972,143.0988464,35.74435043,21.36766243,32.20204163,27.63055611,0.0,0.0
2.75,6.25,23.0,1824.0,373.0,0.0,20.88600025,143.0328522,35.73527908,21.40220642,31.54383278,27.78365898,0.0,0.0
50.75,4.25,296.0,5021.0,4725.0,4176.0,9.099000134,181.3474426,34.71631241,0.971988022,35.42282486,27.55110168,0.0,0.0
79.75,7.25,22.0,1765.0,631.0,0.0,24.42999929,201.4151001,34.31968689,28.22044563,34.05544281,28.32380295,0.0,0.0
81.75,4.75,201.0,4280.0,4231.0,4156.0,6.70599984,170.1664734,34.71848297,1.030516982,34.39969635,28.77557373,0.0,0.0
117.75,9.75,110.0,1872.0,1294.0,284.0,3.903999925,76.36855316,34.52882004,5.286684036,32.63225937,29.03865051,0.0,0.0
166.25,5.75,277.0,5079.0,4941.0,4713.0,2.776999958,179.4556122,34.70299911,0.957717001,34.18880081,29.1178112,0.0,0.0
168.75,7.25,27.0,5502.0,2173.0,0.0,5.086999852,93.16615295,34.5995369,2.857604027,34.13933182,28.83561897,0.0,0.0
39.25,19.25,158.0,2287.0,1289.0,507.0,2.814000007,44.46014786,40.10083008,16.69302368,37.0492363,29.35541153,0.0,0.0
108.25,10.75,25.0,213.0,22.0,0.0,24.50400032,207.4562683,33.30686188,27.10945511,32.15493011,27.52294922,0.0,0.0
106.25,18.25,14.0,187.0,39.0,0.0,16.4289996,215.0676422,33.0000267,26.18060493,32.96360016,26.18951797,0.0,0.0
106.75,19.25,126.0,262.0,214.0,147.0,4.82300017,219.7140045,33.71070862,24.13321495,33.21236801,26.33312035,0.0,0.0
110.75,12.25,190.0,2787.0,2473.0,2074.0,3.091000021,102.3419342,34.63157272,2.162650108,32.71395874,28.14152145,0.0,0.0
124.25,12.75,20.0,515.0,96.0,0.0,3.303000005,203.8570862,34.51917648,27.60510254,33.49236679,28.21111679,0.0,0.0
38.75,22.75,25.0,500.0,227.0,0.0,2.57500005,207.7006683,39.98106003,24.85510635,37.35784149,28.43194199,0.0,0.0
34.75,29.75,1.0,71.0,20.0,0.0,5.311896559,96.86464691,40.33846664,21.51979256,38.74283218,24.2247982,0.0,0.0
113.75,20.25,219.0,353.0,143.0,73.0,2.932999982,170.4291229,34.56720352,20.60267067,33.58021545,26.62779808,0.0,0.0
114.75,20.25,268.0,641.0,181.0,36.0,2.620999934,162.9506989,34.56036758,16.70183754,33.62839127,26.7452774,0.0,0.0
113.75,22.25,23.0,79.0,8.0,0.0,119.585,249.8156891,33.97418976,25.0757122,25.71793747,24.5708847,0.0,0.0
114.25,22.25,22.0,95.0,10.0,0.0,97.5759998,233.3320923,33.75919724,25.0780201,28.14297676,24.6837883,0.0,0.0
117.75,21.25,170.0,1800.0,919.0,431.0,2.887000097,84.57500458,34.49958801,4.496806145,33.74023056,26.79128456,0.0,0.0
119.75,25.25,25.0,202.0,22.0,0.0,31.17300011,211.5158691,33.83293533,23.2630043,31.13261223,22.15701866,0.0,0.0
120.25,23.25,9.0,112.0,30.0,0.0,15.42161964,162.1039581,34.47208023,16.15923882,33.61790085,26.18967056,0.0,0.0
122.25,23.25,91.0,5497.0,4801.0,3112.0,4.989000037,158.2386322,34.68000793,1.193070054,34.24462128,27.04129028,0.0,0.0
120.25,24.25,24.0,97.0,41.0,0.0,25.09799972,210.4887085,34.11342621,24.03695869,33.67094803,24.72779274,0.0,0.0
121.75,25.25,15.0,203.0,66.0,0.0,19.22900043,190.8435669,34.65146255,20.85149193,33.6161232,24.41738129,0.0,0.0
129.25,25.75,199.0,7049.0,6181.0,4396.0,3.320999909,158.780899,34.68388748,1.180448055,34.59614182,25.45174789,0.0,0.0
127.75,26.75,23.0,863.0,197.0,0.0,6.475999951,214.4090576,34.60094452,24.24538994,34.4906311,24.91148758,0.0,0.0
2.75,37.25,89.0,2802.0,2756.0,2283.0,0.934000011,193.1423645,38.44409561,13.02208138,36.57086945,19.7604866,0.0,0.0
0.75,38.25,114.0,2223.0,1122.0,320.0,0.691999972,190.1827393,38.46508408,13.05930901,36.72269821,19.93976402,0.0,0.0
0.25,39.75,49.0,1044.0,192.0,2.0,1.814999967,221.9315338,38.27842331,13.6159544,37.22977829,19.47541237,0.0,0.0
0.75,39.75,80.0,1362.0,560.0,10.0,0.974000024,188.0966492,38.46026611,13.07746601,37.2062645,19.43211937,0.0,0.0
2.75,39.25,20.0,898.0,237.0,0.0,0.532999984,233.313858,38.22663116,13.78688431,36.98891068,19.96898079,0.0,0.0
2.75,39.75,9.0,1353.0,334.0,0.0,0.570128148,223.2519684,38.18339157,14.96004391,37.16917038,19.77823639,0.0,0.0
3.25,39.25,18.0,2410.0,973.0,0.0,0.505000004,194.6035004,38.45871353,13.07956505,37.02675247,19.91440392,0.0,0.0
3.25,39.75,10.0,131.0,28.0,0.0,0.500999973,232.1952667,37.76470947,19.34996033,37.24622345,19.73448181,0.0,0.0
3.75,39.75,21.0,1637.0,403.0,0.0,0.534999999,206.5493469,38.48931122,13.31454945,37.21736908,19.73158073,0.0,0.0
4.25,39.75,19.0,1722.0,741.0,0.0,0.595999998,188.6079865,38.50099182,13.09160423,37.21855927,19.63794899,0.0,0.0
14.25,32.75,15.0,409.0,151.0,0.0,0.639999984,226.5334778,38.04240036,21.16846085,38.09878922,21.79398537,0.0,0.0
11.25,33.25,9.0,33.0,9.0,0.0,0.895000005,222.6603088,37.68156052,21.54733086,37.80527878,21.9418335,0.0,0.0
10.75,34.25,69.0,97.0,34.0,18.0,0.908999995,236.2433014,37.62608719,19.93749237,37.87440872,21.64842033,0.0,0.0
17.25,31.25,17.0,243.0,78.0,0.0,0.631999981,237.6427612,38.0647049,19.34860039,38.20603943,22.13759613,0.0,0.0
13.75,35.75,90.0,1095.0,684.0,518.0,0.605000008,195.998642,38.77932358,14.07438183,37.76095963,20.90438843,0.0,0.0
14.25,35.75,22.0,1047.0,585.0,0.0,0.645000022,189.4655304,38.74258804,13.92369556,37.75282669,20.9343853,0.0,0.0
12.25,36.25,100.0,1019.0,444.0,211.0,0.536000007,195.0194702,38.76041412,14.07194042,37.49636459,20.3118,0.0,0.0
12.75,39.75,183.0,3675.0,3382.0,1531.0,0.44199999,189.44104,38.66599655,12.93067455,37.8391571,20.06521797,0.0,0.0
15.75,38.25,11.0,1199.0,360.0,0.0,0.882566848,210.2281952,38.63926697,14.16835213,38.15491486,20.22580528,0.0,0.0
20.25,33.25,97.0,3688.0,2673.0,1162.0,0.584000023,182.5844727,38.67479706,13.22229195,38.53728485,21.84078789,0.0,0.0
29.75,31.25,22.0,798.0,162.0,0.0,0.754999986,220.2463684,38.97596359,21.77089691,38.51290894,22.539814,0.0,0.0
29.75,34.75,200.0,2857.0,2502.0,2355.0,0.581,178.836319,38.74786758,14.03673267,39.18257141,21.40044403,0.0,0.0
21.25,36.25,116.0,4497.0,3893.0,3042.0,0.612000003,182.499115,38.66888809,13.21456146,38.40849686,20.97127151,0.0,0.0
24.25,37.75,20.0,498.0,130.0,0.0,1.029000035,240.4514008,38.73371124,16.6281929,35.84920883,19.83304214,0.0,0.0
24.75,38.25,21.0,832.0,460.0,0.0,0.647999987,209.5973053,38.93717575,14.45142078,35.61989975,19.43551445,0.0,0.0
25.25,37.25,20.0,136.0,60.0,0.0,0.646999979,237.9837341,38.92006302,17.30270195,38.23471451,19.86789131,0.0,0.0
30.25,32.75,168.0,2485.0,2064.0,1559.0,0.600999978,179.7042236,38.70207214,14.18485069,39.1354332,22.17124176,0.0,0.0
34.25,32.25,71.0,1408.0,1104.0,390.0,1.936999965,182.7128296,38.74437332,14.32128525,38.69574356,23.02026558,0.0,0.0
34.75,32.25,17.0,1084.0,242.0,0.0,14.68299981,228.2523956,39.09767914,20.28324318,38.58721161,23.06228447,0.0,0.0
31.25,34.25,153.0,2710.0,2526.0,2427.0,0.641999999,178.8013153,38.73551941,13.94049168,39.19515991,22.03812408,0.0,0.0
34.75,34.25,115.0,2084.0,1979.0,1612.0,0.768000027,179.2404785,38.74503326,14.31497765,39.1098671,22.75032806,0.0,0.0
35.25,33.75,22.0,1781.0,1284.0,0.0,4.650000017,182.4539185,38.75016022,14.33937645,39.0141716,23.03297424,0.0,0.0
32.75,35.25,14.0,1705.0,609.0,0.0,1.164000016,233.3946381,39.06909943,18.03329849,39.25348663,22.37095833,0.0,0.0
30.75,36.75,15.0,1891.0,587.0,0.0,8.601999842,183.6715088,38.74365616,14.27280045,39.20905685,22.585186,0.0,0.0
35.25,35.25,68.0,1577.0,1218.0,943.0,0.838999986,180.8222961,38.75684357,14.33243942,39.1516304,22.70296097,0.0,0.0
35.75,35.25,21.0,1447.0,863.0,0.0,1.221999992,182.9871826,38.77618408,14.34902287,39.12387085,22.81326485,0.0,0.0
127.25,34.25,22.0,62.0,5.0,0.0,8.139999583,252.1906281,33.74410629,16.49688721,30.98016739,17.50382614,0.0,0.0
127.75,39.75,17.0,301.0,44.0,0.0,16.92399941,251.5534668,33.85765457,9.02740097,33.02283478,13.27344036,0.0,0.0
130.75,30.75,24.0,296.0,141.0,0.0,10.5229998,196.0614166,34.64956665,21.26626587,34.1921196,23.58418846,0.0,0.0
131.25,30.75,23.0,1658.0,337.0,0.0,10.88500023,186.7889709,34.69311905,20.17499733,34.20721817,24.01778984,0.0,0.0
131.25,31.25,22.0,767.0,100.0,0.0,14.2620001,197.1928864,34.68038559,21.46071053,34.11408997,23.26579475,0.0,0.0
132.25,32.75,70.0,1484.0,350.0,1.0,14.42299969,163.4547577,34.54317093,14.1281271,34.1622467,22.54836273,0.0,0.0
131.25,33.75,16.0,132.0,40.0,0.0,24.75799993,231.8412781,33.99514008,19.73271179,33.80602264,19.44242859,0.0,0.0
132.25,33.75,21.0,201.0,35.0,0.0,19.33700033,209.2085876,34.4727478,20.85876465,34.04475021,19.04648972,0.0,0.0
132.75,33.75,7.0,99.0,17.0,0.0,25.7645268,215.4467621,34.39231873,20.78935623,33.95664215,20.13360405,0.0,0.0
134.25,33.25,21.0,1200.0,519.0,0.0,14.95500002,81.38839722,34.3386879,4.376592159,34.25247574,22.82674026,0.0,0.0
130.75,34.25,21.0,117.0,56.0,0.0,15.87699912,217.3527374,34.36676788,17.94367981,33.74873352,19.70680237,0.0,0.0
134.75,34.25,17.0,134.0,26.0,0.0,33.13799948,232.6685944,34.10019302,20.91976929,33.12557602,20.06162453,0.0,0.0
136.25,33.75,21.0,2147.0,1129.0,0.0,21.51899971,105.1110229,34.60467911,1.91032505,34.12245941,21.38286781,0.0,0.0
137.25,34.75,13.0,335.0,38.0,0.0,63.03299963,229.6269379,34.10063553,21.03931046,32.89438248,20.14094353,0.0,0.0
139.25,34.75,20.0,1618.0,468.0,0.0,28.22400071,149.5024414,34.36856079,10.64580727,33.96829224,20.58400726,0.0,0.0
130.25,35.75,90.0,1478.0,876.0,101.0,8.731000125,196.6163788,34.06361008,-0.049196001,33.03458023,18.72448158,0.0,0.0
132.75,35.25,4.0,126.0,48.0,0.0,19.50022206,228.1578827,34.18577194,15.42070293,33.53777313,19.21780586,0.0,0.0
132.75,36.25,22.0,1171.0,419.0,0.0,7.930999622,232.7563019,34.05524445,1.994514942,33.4797821,18.76725769,0.0,0.0
130.25,39.75,148.0,2572.0,2064.0,1295.0,4.470000044,194.7196808,34.0755806,-0.155753002,33.59590912,13.98099995,0.0,0.0
139.75,35.25,15.0,1056.0,172.0,0.0,62.42100149,217.8048401,34.42194366,18.4869175,33.2385025,19.89906311,0.0,0.0
136.75,36.75,10.0,223.0,78.0,0.0,21.86630107,224.5384521,34.08840942,3.759049177,33.33626938,18.26776695,0.0,0.0
140.25,34.75,91.0,3480.0,2130.0,1.0,17.20999926,117.3289871,34.63419342,1.445955038,34.29777527,21.65654182,0.0,0.0
140.75,36.25,18.0,438.0,150.0,0.0,39.59999979,213.9001923,34.24137878,13.35054588,33.62684631,18.39844513,0.0,0.0
143.75,37.25,252.0,7750.0,7119.0,6131.0,9.782999754,162.8378448,34.68863297,1.066414952,34.15117264,19.05708504,0.0,0.0
141.25,38.25,18.0,203.0,55.0,0.0,24.46400002,251.3174896,33.85317993,11.76305389,33.11563492,15.36251068,0.0,0.0
0.75,40.25,49.0,94.0,65.0,22.0,2.668000059,242.6071777,38.19930649,14.11972618,37.08093262,19.28873444,0.0,0.0
3.25,40.25,85.0,2190.0,1362.0,44.0,0.699999975,193.7450409,38.46688843,13.07647514,37.33890533,19.55249786,0.0,0.0
2.75,41.25,79.0,2048.0,1160.0,60.0,1.841000048,193.7158508,38.46677017,13.07619381,37.74175262,18.6344223,0.0,0.0
3.25,41.75,18.0,1325.0,276.0,0.0,3.327999962,231.9269104,38.45252991,13.44425774,37.80295944,17.71052742,0.0,0.0
3.75,43.25,18.0,99.0,63.0,0.0,5.307999905,246.9826202,38.38238907,13.84871101,37.21285629,16.83189392,0.0,0.0
4.25,43.25,48.0,163.0,71.0,15.0,23.59800041,248.6604614,38.3839798,13.95573235,36.46764755,16.98760605,0.0,0.0
5.25,40.25,127.0,2931.0,2819.0,2697.0,0.875000027,193.9228668,38.44350052,13.04305172,37.19494629,19.36251831,0.0,0.0
6.25,41.75,202.0,2712.0,2618.0,2527.0,0.792999985,194.3033447,38.4190979,13.04738045,37.8207283,18.0496254,0.0,0.0
7.25,43.75,8.0,2323.0,725.0,0.0,2.145000035,189.2902069,38.54350281,13.26657867,38.11256409,18.48358917,0.0,0.0
7.75,43.75,14.0,2472.0,1425.0,0.0,1.230000053,194.7799835,38.45680237,13.19524574,38.12075043,18.36335564,0.0,0.0
14.25,40.75,15.0,1041.0,285.0,0.0,3.093000036,241.793045,38.39322281,14.4757843,37.91002655,19.92247391,0.0,0.0
19.25,40.75,19.0,741.0,133.0,0.0,5.472999997,241.6468658,38.57843781,17.35395432,38.37428284,19.60901451,0.0,0.0
18.75,41.25,84.0,1003.0,589.0,108.0,1.463999972,204.0215912,38.74227142,13.76469421,38.42198181,19.43950272,0.0,0.0
17.25,42.75,20.0,331.0,93.0,0.0,3.725999966,234.6146851,38.66555786,13.67754555,38.40366364,19.15251923,0.0,0.0
17.75,42.75,15.0,328.0,116.0,0.0,6.84100017,239.4416351,38.6763382,13.78138065,38.39919662,19.2638073,0.0,0.0
15.25,43.75,20.0,139.0,31.0,0.0,2.05000001,228.5391083,38.6149292,13.09501839,37.92746735,18.61857796,0.0,0.0
16.25,43.25,19.0,222.0,68.0,0.0,3.13899992,250.5690765,38.51533508,14.44006443,38.2862587,18.7840004,0.0,0.0
13.75,45.75,6.0,231.0,68.0,0.0,12.958562,264.2174988,37.00266647,15.85373306,35.00230408,17.10956001,0.0,0.0
25.25,40.75,20.0,261.0,88.0,0.0,2.988999942,231.4765625,38.83030319,15.71471786,30.39979744,18.58149147,0.0,0.0
140.25,42.75,9.0,1017.0,302.0,0.0,7.497985847,261.654541,33.83240509,7.206083775,33.41029739,12.92633533,0.0,0.0
140.75,43.25,9.0,511.0,141.0,0.0,9.967000224,278.1472473,33.78254318,12.31387711,33.16452408,12.93616104,0.0,0.0
162.75,58.75,11.0,223.0,19.0,0.0,27.16800012,353.347168,32.86375809,2.671102047,32.31152725,4.127878189,0.190102994,0.0
165.75,57.25,189.0,3622.0,3528.0,3366.0,6.405000109,115.670845,34.66537476,1.281852961,32.97579575,4.964365959,1.41E-4,0.0
9.25,-0.25,19.0,124.0,31.0,0.0,13.30600027,209.0520325,33.44683838,27.40865326,29.196661,27.13526344,0.0,0.0
7.75,-1.75,180.0,3228.0,2836.0,2307.0,9.925999679,235.4097443,34.91881561,2.543828011,33.3511734,26.39542389,0.0,0.0
10.25,-5.75,250.0,3074.0,2645.0,2226.0,12.64899969,234.1982117,34.92594528,2.674386978,32.41958237,26.40400314,0.0,0.0
11.75,-5.25,83.0,557.0,137.0,3.0,23.78300019,107.4209442,35.82299042,19.10503387,21.02547455,25.53790092,0.0,0.0
13.25,-8.75,19.0,321.0,84.0,0.0,50.87799951,214.0771027,34.55678558,25.32575989,33.53884888,24.55580139,0.0,0.0
39.75,-7.75,25.0,727.0,48.0,0.0,11.60336006,143.3806,34.90517807,12.14340115,33.99330902,27.63413239,0.0,0.0
40.25,-2.75,15.0,291.0,43.0,0.0,25.16699955,206.004303,35.2242775,27.02541542,34.63404083,27.12282944,0.0,0.0
40.25,-3.25,23.0,749.0,213.0,0.0,16.35500044,161.152298,35.06524277,12.55035305,34.89096069,27.13257408,0.0,0.0
41.25,-3.25,129.0,2567.0,1826.0,857.0,7.342999801,144.7464294,34.76791382,2.107234001,35.11524582,27.42707062,0.0,0.0
40.75,-7.75,165.0,2675.0,2324.0,1862.0,2.875000006,147.8654022,34.74552155,2.007535934,35.0739975,27.71012688,0.0,0.0
53.25,-2.25,411.0,5089.0,4684.0,3765.0,7.145000156,184.7641296,34.71559143,0.929485977,35.37935638,28.30500031,0.0,0.0
54.25,-3.75,213.0,3988.0,2764.0,728.0,6.089000031,140.7091064,34.76531219,2.316540003,35.33899689,28.32424164,0.0,0.0
54.75,-3.75,180.0,3256.0,1112.0,3.0,6.754000206,86.02572632,34.90294647,8.053512573,35.32369995,28.32619286,0.0,0.0
59.75,-3.25,513.0,4499.0,3049.0,1568.0,3.393999999,162.090271,34.73333359,1.62528801,35.2599411,28.73673058,0.0,0.0
55.25,-4.75,27.0,513.0,101.0,0.0,8.613999933,192.8188934,35.27135849,24.43380356,35.25653839,28.05307388,0.0,0.0
55.75,-4.75,111.0,222.0,50.0,1.0,8.337000385,200.969223,35.22410965,26.7658577,35.23381424,28.05620193,0.0,0.0
56.25,-4.25,111.0,2095.0,502.0,4.0,6.359999999,124.4525681,35.17072678,15.51762295,35.2202034,28.25922203,0.0,0.0
54.75,-5.75,180.0,3639.0,3452.0,2746.0,6.26699999,174.4530334,34.73103333,1.345307946,35.19936752,27.98037529,0.0,0.0
57.75,-5.25,303.0,3576.0,2423.0,1380.0,4.174000118,164.1222687,34.73245621,1.601446033,35.10255051,28.16923332,0.0,0.0
60.75,-3.25,621.0,4616.0,3974.0,3483.0,3.044999903,174.8066406,34.72500229,1.100517035,35.23735046,28.79580688,0.0,0.0
178.25,-8.25,27.0,5148.0,4027.0,0.0,2.511000028,199.0502167,34.70399857,0.837731004,34.86208725,29.42522812,0.0,1.0
179.25,-8.75,27.0,5050.0,3563.0,0.0,2.089000074,185.6476898,34.70055389,1.042986035,34.83620453,29.39015961,0.0,1.0
11.25,-11.25,284.0,4135.0,3724.0,3278.0,10.35999972,230.4194489,34.90200806,2.07635498,35.62844849,25.28074646,0.0,1.0
13.75,-11.25,20.0,1181.0,198.0,0.0,63.57800215,213.299057,35.44823456,25.03210258,34.88418961,24.31923485,0.0,1.0
38.75,-17.75,85.0,2137.0,1520.0,396.0,6.692999974,118.4101639,34.73799896,3.710391045,34.85296631,27.10007668,0.0,1.0
35.75,-19.25,22.0,54.0,4.0,0.0,14.9480002,210.9364166,35.09595871,26.88527298,28.23535919,26.43953133,0.0,1.0
43.75,-14.75,220.0,3559.0,3390.0,2813.0,2.129999921,165.4584198,34.71917343,1.476075053,34.95357132,27.77091599,0.0,1.0
44.25,-14.25,252.0,3623.0,3522.0,3461.0,2.250999911,165.6115112,34.71936417,1.474547029,34.94665146,27.79565239,0.0,1.0
45.25,-12.75,25.0,2825.0,687.0,0.0,2.979000099,202.9503784,35.09828568,23.97289848,34.90269852,27.7510891,0.0,1.0
45.75,-13.25,132.0,3787.0,3483.0,2772.0,2.589999931,166.9900208,34.72164154,1.450284004,34.90222168,27.84884071,0.0,1.0
43.25,-15.25,205.0,3487.0,3337.0,3268.0,2.128999913,164.5739136,34.71906662,1.498834014,34.95899582,27.72846031,0.0,1.0
41.75,-19.75,283.0,3298.0,2790.0,2465.0,2.318999963,184.8808594,34.78745651,2.044490099,35.04045868,27.18599129,0.0,1.0
49.25,-18.75,17.0,1978.0,385.0,0.0,12.78600004,211.0735016,35.0010376,25.66691971,34.84863281,26.33807755,0.0,1.0
50.75,-17.25,142.0,4668.0,4042.0,2635.0,1.031999942,205.9689789,34.71040344,0.705689013,34.96488953,26.69015884,0.0,1.0
116.25,-19.25,196.0,377.0,211.0,61.0,3.517000005,151.6057587,34.9732666,19.9857502,34.9160614,27.12093735,0.0,1.0
116.25,-19.75,141.0,136.0,76.0,41.0,3.665999975,210.2227173,34.88670731,25.21008492,34.91114807,26.79001808,0.0,1.0
148.75,-16.75,311.0,1017.0,928.0,835.0,0.865000009,172.218277,34.45536804,4.46111393,34.95703506,26.69768333,0.0,1.0
146.25,-17.25,25.0,126.0,15.0,0.0,12.25399971,206.4552307,35.06242752,26.19336128,35.11429214,26.21515846,0.0,1.0
149.25,-17.25,322.0,912.0,730.0,332.0,0.831999991,190.6979065,34.44582748,6.263823986,35.01219177,26.56366539,0.0,1.0
148.25,-19.75,24.0,60.0,28.0,0.0,9.901000187,209.020874,35.170784,25.5196228,35.35115814,25.36348724,0.0,1.0
149.25,-19.25,166.0,377.0,71.0,3.0,3.262999933,208.9227905,35.30717087,25.18607712,35.09874344,26.0006218,0.0,1.0
151.75,-15.25,475.0,4309.0,3400.0,1857.0,1.307000057,175.1717072,34.71596146,1.625036001,34.78997803,27.39644432,0.0,1.0
150.25,-17.25,395.0,566.0,279.0,42.0,0.913000025,190.1938629,35.04555511,11.29921246,35.03796387,26.54552269,0.0,1.0
150.75,-17.75,394.0,1225.0,487.0,4.0,1.042000018,196.3986969,34.54653931,7.143104076,35.08589554,26.36499214,0.0,1.0
151.25,-18.75,350.0,1633.0,1345.0,626.0,0.974999974,138.1303711,34.58171463,2.862166882,35.1215744,26.17633247,0.0,1.0
151.25,-19.75,249.0,465.0,345.0,249.0,1.842999947,183.7117615,35.16154861,13.91981125,35.10008621,26.11149406,0.0,1.0
152.75,-19.75,362.0,1265.0,599.0,289.0,1.202999963,199.3212585,34.59595108,7.360839844,35.13969421,25.96096802,0.0,1.0
157.25,-19.25,210.0,2858.0,2490.0,1903.0,0.625999994,163.0172729,34.68312073,1.802858949,35.08701324,26.05744934,0.0,1.0
158.75,-19.25,26.0,316.0,14.0,0.0,1.115999999,215.4476776,35.28460693,24.42048836,35.09040451,25.92642975,0.0,1.0
158.25,-19.75,129.0,2129.0,648.0,2.0,1.067999983,210.6242218,35.28462219,25.41600227,35.16799164,25.70751572,0.0,1.0
158.75,-19.75,108.0,335.0,42.0,2.0,1.380000031,193.721817,34.45648575,5.801692009,35.16769028,25.68557549,0.0,1.0
162.75,-17.75,299.0,3936.0,2645.0,3.0,0.789000012,145.552475,34.61685944,2.342983007,34.87136459,26.78655243,0.0,1.0
162.75,-18.75,206.0,3719.0,2704.0,2.0,1.091000042,155.8699493,34.68294144,1.676252961,34.96092224,26.34002495,0.0,1.0
163.75,-18.75,164.0,3839.0,2415.0,3.0,0.936000026,152.5174713,34.67008209,1.793454051,34.92789459,26.50491714,0.0,1.0
162.75,-19.25,171.0,3579.0,3320.0,2240.0,1.124999952,156.6733856,34.69145584,1.638352036,34.99905396,26.11857796,0.0,1.0
164.75,-19.75,108.0,3350.0,3038.0,1404.0,0.891999982,153.8531342,34.68019104,1.594521046,34.96418381,26.34568977,0.0,1.0
167.75,-18.75,176.0,6338.0,5254.0,4278.0,0.969999994,153.5666351,34.6934433,1.45904696,34.83516312,26.8214817,0.0,1.0
177.75,-17.25,23.0,610.0,60.0,0.0,2.810999984,188.1519012,35.73778152,23.44650269,34.66857529,27.67854118,0.0,1.0
13.75,-21.75,25.0,174.0,101.0,0.0,103.3660024,23.9148407,35.21708679,15.08364487,35.22209549,16.20396614,0.0,1.0
11.75,-22.25,255.0,3065.0,2607.0,2049.0,22.90299907,222.8241119,34.89622879,2.626502037,35.34201813,18.19034576,0.0,1.0
14.25,-22.75,50.0,142.0,93.0,1.0,110.2669984,13.27858353,35.16149902,14.47493744,35.15172195,15.26634502,0.0,1.0
39.25,-21.75,128.0,3277.0,2373.0,355.0,3.755999962,157.9275818,34.73616028,2.498166084,35.15599442,26.307621,0.0,1.0
35.75,-23.25,25.0,845.0,271.0,0.0,11.95100043,175.5966949,35.30298996,13.30689144,34.63305664,25.91628265,0.0,1.0
32.25,-28.25,1.0,155.0,45.0,0.0,21.88706957,187.3935699,35.30995178,20.55171776,35.20165253,24.08575821,0.0,1.0
32.25,-28.75,17.0,1157.0,248.0,0.0,27.91400068,191.236557,35.38591003,22.62971306,35.25220108,24.16233444,0.0,1.0
30.75,-29.75,0.0,10.0,6.0,0.0,23.77700992,204.2860718,35.37807465,22.73323822,35.22597504,23.36121941,0.0,1.0
31.25,-29.25,4.0,55.0,18.0,0.0,22.75239117,201.1050415,35.3808136,22.52253342,35.20373154,23.52447701,0.0,1.0
31.75,-29.25,22.0,578.0,74.0,0.0,26.75700001,199.7853394,35.39031601,23.46988678,35.22821045,23.41861725,0.0,1.0
31.25,-29.75,20.0,512.0,167.0,0.0,22.52100036,176.5640411,35.4678154,17.88705254,35.21426392,23.33699989,0.0,1.0
32.25,-29.75,122.0,1864.0,1381.0,678.0,16.65499993,155.4674835,34.63939667,3.475984097,35.29473495,24.25779724,0.0,1.0
40.25,-20.25,175.0,3031.0,2863.0,2689.0,3.136999905,189.6957245,34.80080414,2.009150028,35.08959198,26.83640289,0.0,1.0
44.25,-20.25,18.0,728.0,198.0,0.0,12.73592375,201.3151093,35.1761055,26.24443436,33.49978638,27.27219009,0.0,1.0
40.75,-22.75,127.0,3411.0,3195.0,2942.0,2.957999939,205.4902802,34.79970932,1.770107985,35.17776871,26.02311325,0.0,1.0
55.25,-20.25,108.0,4534.0,4082.0,3045.0,0.744000019,197.8986511,34.72100067,0.884436011,35.08622742,26.09051323,0.0,1.0
55.75,-20.75,23.0,3288.0,1984.0,0.0,0.798999972,165.5302582,34.72135544,2.243658066,35.14879227,25.94585037,0.0,1.0
57.25,-20.25,23.0,4358.0,2965.0,0.0,0.942000013,162.9791412,34.72205734,2.286627054,35.08078384,25.9880619,0.0,1.0
57.75,-20.25,15.0,3868.0,1027.0,0.0,0.895000005,208.9788361,35.0363884,25.60757065,35.108078,25.83541107,0.0,1.0
58.25,-20.25,104.0,4594.0,4054.0,1879.0,0.70199999,201.1409302,34.71641922,0.821604013,35.10534286,25.85965538,0.0,1.0
55.25,-21.25,22.0,3304.0,1645.0,0.0,0.867000024,149.6586456,34.56824112,4.487800121,35.15062332,25.906353,0.0,1.0
56.25,-21.25,104.0,3972.0,2995.0,1276.0,0.729000021,180.6177063,34.72526932,1.392454982,35.18291855,25.80341339,0.0,1.0
113.75,-22.75,15.0,374.0,55.0,0.0,4.440075718,201.2774658,35.08601379,22.23943901,34.8663063,24.97281647,0.0,1.0
112.75,-24.75,90.0,173.0,93.0,3.0,2.612000098,216.1682129,35.36937332,23.32626343,35.09820175,24.09213448,0.0,1.0
113.25,-24.25,24.0,118.0,50.0,0.0,2.741999924,214.248291,35.22512436,24.12091637,35.0521431,24.14658546,0.0,1.0
113.25,-24.75,25.0,114.0,30.0,0.0,3.769000061,212.8995819,35.22224808,23.82740974,35.19665146,23.3970623,0.0,1.0
113.25,-27.25,89.0,234.0,127.0,11.0,2.07399996,217.2210693,35.58781815,22.02866364,35.20117188,23.00990677,0.0,1.0
113.25,-29.75,193.0,4969.0,3998.0,2863.0,2.247000113,199.2683563,34.72048569,0.914977014,35.48151016,21.69524193,0.0,1.0
114.75,-29.25,22.0,57.0,29.0,0.0,1.846999978,220.0900879,35.50951004,21.69348717,35.28991699,21.47357178,0.0,1.0
149.75,-21.25,26.0,31.0,6.0,0.0,8.859000169,211.0664673,35.28360748,24.98609161,35.50110245,24.69035339,0.0,1.0
149.75,-22.25,18.0,82.0,13.0,0.0,12.11399958,213.6996002,35.25528717,24.19380569,35.61003113,23.97453117,0.0,1.0
150.25,-20.25,163.0,28.0,3.0,2.0,3.528000088,209.0287628,35.248703,25.50012207,35.18655396,25.49002457,0.0,1.0
151.75,-20.25,244.0,413.0,321.0,198.0,2.24000006,190.0127258,35.18176651,11.57993317,35.11541748,26.05684853,0.0,1.0
152.25,-20.75,267.0,368.0,141.0,3.0,2.748999977,167.9417877,35.61769104,19.60948181,35.13856506,25.95075607,0.0,1.0
150.25,-21.25,26.0,63.0,29.0,0.0,5.855999887,210.3061981,35.27287674,25.04632378,35.35664368,25.02922249,0.0,1.0
150.75,-21.25,104.0,60.0,12.0,2.0,4.933999851,210.8419952,35.28339386,24.98370743,35.27680969,25.18196487,0.0,1.0
150.25,-21.75,91.0,62.0,5.0,1.0,9.389000013,212.7621765,35.23322296,24.50717926,35.45228577,24.57269669,0.0,1.0
150.75,-21.75,107.0,65.0,38.0,1.0,6.742999889,210.4389191,35.32492828,24.69919968,35.3696785,24.87277603,0.0,1.0
151.25,-21.25,155.0,8.0,2.0,2.0,4.852000158,210.8878784,35.29710388,25.02687263,35.25072098,25.27873421,0.0,1.0
151.75,-21.25,204.0,10.0,3.0,2.0,4.58100019,208.7470551,35.34417343,24.98091316,35.23624802,25.43494987,0.0,1.0
151.25,-21.75,128.0,60.0,19.0,2.0,5.371000152,206.4798584,35.37039948,24.32464981,35.32704926,25.02459335,0.0,1.0
151.75,-21.75,169.0,35.0,8.0,2.0,4.951000214,210.7894592,35.35734558,24.61720848,35.30576324,25.12270546,0.0,1.0
152.75,-21.75,265.0,78.0,13.0,2.0,3.679000074,192.4628601,35.48413849,23.02263641,35.1885643,25.30139351,0.0,1.0
153.25,-21.75,315.0,305.0,94.0,4.0,3.159000073,183.6261292,35.34708786,14.63893223,35.15355301,25.70866203,0.0,1.0
154.25,-21.25,428.0,2696.0,2005.0,624.0,2.003999893,161.900177,34.64703369,1.959977984,35.21019363,25.60007477,0.0,1.0
150.25,-22.25,18.0,48.0,6.0,0.0,11.61199994,213.3141022,35.34047699,24.33440018,35.54029846,24.18584633,0.0,1.0
150.75,-22.25,25.0,60.0,20.0,0.0,9.387000464,212.2990417,35.37176895,24.46805573,35.44591141,24.35371971,0.0,1.0
150.25,-22.75,0.0,1.0,1.0,0.0,14.80651926,214.1262207,35.31332016,24.1020298,35.50485229,23.81515312,0.0,1.0
150.75,-22.75,12.0,64.0,18.0,0.0,13.10058031,213.4714813,35.36949158,24.24782181,35.43984222,24.0132618,0.0,1.0
151.25,-22.25,103.0,66.0,54.0,31.0,6.794000044,212.4720459,35.37997437,24.40657616,35.40851974,24.668787,0.0,1.0
151.75,-22.25,154.0,80.0,52.0,20.0,5.946999881,206.3560486,35.43279648,23.86922836,35.37175751,24.84629631,0.0,1.0
151.25,-22.75,91.0,57.0,33.0,10.0,8.705000393,212.6662292,35.40353775,24.43087769,35.44696045,24.2534256,0.0,1.0
151.75,-22.75,127.0,82.0,24.0,2.0,7.410000078,212.4061279,35.40209198,24.34955788,35.42005157,24.51470947,0.0,1.0
152.25,-22.25,203.0,98.0,33.0,2.0,5.237999838,192.5764771,35.50014114,22.81817245,35.32365036,24.89864922,0.0,1.0
152.75,-22.25,241.0,130.0,38.0,1.0,5.032999907,206.2688446,35.432724,24.09547424,35.24991989,25.05094528,0.0,1.0
152.25,-22.75,168.0,185.0,110.0,53.0,6.186999846,178.0759583,35.56803513,21.3002491,35.36621094,24.70483398,0.0,1.0
152.75,-22.75,201.0,376.0,183.0,12.0,5.047999788,170.7611694,35.52823257,18.67948532,35.29714203,24.8926487,0.0,1.0
153.25,-22.75,238.0,414.0,290.0,144.0,3.992000129,184.44841,35.37490463,14.40274811,35.21472931,25.21389198,0.0,1.0
154.25,-22.25,348.0,1919.0,978.0,372.0,3.096000059,152.425293,34.53220367,3.444880962,35.23693085,25.4391613,0.0,1.0
154.75,-22.25,369.0,3458.0,2753.0,1302.0,2.778999973,190.7862244,34.71887207,1.066727042,35.28556442,25.29334831,0.0,1.0
150.75,-23.25,10.0,58.0,9.0,0.0,17.68499985,214.5607605,35.36621475,24.00758743,35.39294815,23.64338303,0.0,1.0
150.75,-23.75,1.0,10.0,3.0,0.0,14.47934937,214.8153229,35.3577652,23.88220215,35.48397827,23.52210045,0.0,1.0
151.25,-23.25,25.0,42.0,18.0,0.0,12.0249996,212.961441,35.3685379,24.32700157,35.42908859,23.78909302,0.0,1.0
151.75,-23.25,97.0,65.0,9.0,1.0,7.854999974,213.1614075,35.36550522,24.19447327,35.44504547,24.16872025,0.0,1.0
151.25,-23.75,13.0,47.0,6.0,0.0,12.59899978,214.8600464,35.37933731,23.88833427,35.38402557,23.52425575,0.0,1.0
151.75,-23.75,50.0,55.0,19.0,1.0,9.294000454,211.5492096,35.38233566,24.45895004,35.4627533,23.73320007,0.0,1.0
152.25,-23.25,125.0,294.0,128.0,3.0,6.291999947,181.5700531,35.45243454,15.16543961,35.35942078,24.61008072,0.0,1.0
152.75,-23.25,163.0,435.0,345.0,214.0,4.579000175,195.5706787,35.04184341,11.20984936,35.28074265,24.8499794,0.0,1.0
152.75,-23.75,125.0,436.0,277.0,22.0,6.134000141,191.7938385,35.04407501,12.48895836,35.2895546,24.73863792,0.0,1.0
153.25,-23.25,200.0,626.0,439.0,259.0,4.031000193,195.5141296,35.04334641,11.23026752,35.237957,25.06693268,0.0,1.0
153.75,-23.25,225.0,903.0,485.0,257.0,3.982000053,198.2405548,34.8324585,10.50254536,35.24821472,25.26626587,0.0,1.0
153.25,-23.75,162.0,1308.0,682.0,404.0,4.650000017,204.382782,34.50540924,6.716236115,35.25579834,24.98079109,0.0,1.0
153.75,-23.75,173.0,2237.0,1416.0,703.0,4.92000021,142.6846466,34.57593918,2.604911089,35.27918625,25.11029243,0.0,1.0
154.25,-23.25,246.0,958.0,590.0,316.0,3.95799987,201.0983734,34.84664154,10.02507973,35.29597092,25.17599106,0.0,1.0
151.75,-24.25,5.0,68.0,12.0,0.0,11.75921317,214.1945953,35.37075424,23.96853447,35.4315033,23.46211433,0.0,1.0
152.25,-24.25,25.0,222.0,57.0,0.0,8.00999999,211.5979614,35.38116837,24.42473412,35.4924202,23.64332199,0.0,1.0
152.75,-24.25,90.0,355.0,39.0,3.0,7.387000136,210.9531097,35.37627029,24.57088089,35.37628174,24.1601944,0.0,1.0
152.25,-24.75,8.0,212.0,56.0,0.0,11.11373492,213.8731079,35.35219955,23.98428345,35.48269272,23.36058807,0.0,1.0
153.25,-24.25,106.0,1524.0,505.0,3.0,6.395000033,201.2339325,34.46053314,6.08961916,35.29602432,24.69167137,0.0,1.0
153.75,-24.25,126.0,3773.0,2579.0,821.0,6.405999884,189.6506805,34.72434235,1.205847979,35.29574966,25.0037899,0.0,1.0
153.25,-24.75,24.0,424.0,40.0,0.0,8.78699962,212.6691742,35.32921219,24.21746445,35.43227768,24.03349686,0.0,1.0
154.25,-24.25,166.0,4378.0,3658.0,1967.0,5.320999771,191.344574,34.71500015,0.904130995,35.36304855,24.85569191,0.0,1.0
154.25,-24.75,152.0,4339.0,3982.0,3508.0,6.887000054,191.2776947,34.71485519,0.892993987,35.38122177,24.75178909,0.0,1.0
156.75,-20.75,319.0,2679.0,2105.0,1591.0,1.655000029,156.7754517,34.68816757,2.006830931,35.27552032,25.33449364,0.0,1.0
157.75,-20.25,205.0,2593.0,1423.0,802.0,1.127999974,143.5432129,34.57873154,2.794073105,35.23251343,25.54103279,0.0,1.0
157.25,-20.75,281.0,2112.0,1768.0,1306.0,1.531000016,145.7328644,34.63997269,2.268930912,35.29213715,25.30920601,0.0,1.0
157.75,-20.75,249.0,2061.0,1465.0,789.0,1.557999989,151.5195923,34.64094162,2.08266902,35.29156494,25.31270599,0.0,1.0
158.75,-20.25,163.0,1039.0,296.0,4.0,1.629999955,182.8422852,35.50521469,16.14542007,35.22607422,25.4746685,0.0,1.0
158.25,-20.75,227.0,1654.0,915.0,111.0,1.674000057,147.849472,34.56299591,3.029607058,35.29539108,25.28652191,0.0,1.0
159.25,-20.25,175.0,2518.0,1672.0,351.0,1.451999997,152.0696259,34.68033981,1.987431049,35.19057465,25.58690262,0.0,1.0
157.75,-21.25,298.0,1942.0,1062.0,753.0,1.954999985,180.2238159,34.47001266,4.592051029,35.32564926,25.1147747,0.0,1.0
158.25,-21.25,280.0,1334.0,958.0,450.0,1.999000087,149.2389832,34.56227493,3.028316021,35.34227371,25.08621788,0.0,1.0
158.75,-21.25,274.0,1345.0,424.0,3.0,2.26800004,216.5221558,35.53427124,23.59506989,35.35018158,24.9944191,0.0,1.0
158.25,-21.75,335.0,2497.0,1857.0,1060.0,2.189999912,154.847641,34.64874268,2.156431913,35.36821747,24.88729095,0.0,1.0
158.75,-21.75,330.0,2508.0,2161.0,1252.0,2.312999917,163.5023651,34.70627594,1.83216095,35.38452911,24.84025764,0.0,1.0
159.25,-21.25,280.0,1705.0,468.0,3.0,2.407999942,203.0251312,34.60737228,8.778972626,35.33653259,24.9720974,0.0,1.0
157.25,-22.75,470.0,2240.0,2100.0,1816.0,3.016999923,149.7677002,34.65065002,2.259818077,35.39986038,24.63451767,0.0,1.0
158.25,-22.25,389.0,2646.0,2413.0,2223.0,2.411999973,163.4994354,34.70724106,1.832366943,35.39626694,24.71808624,0.0,1.0
159.25,-22.75,444.0,2743.0,1708.0,243.0,2.305000089,206.2168732,34.62428284,9.072360039,35.46467209,24.42918205,0.0,1.0
158.75,-23.75,551.0,2735.0,2599.0,2484.0,2.418000018,175.5610046,34.70857239,1.651252985,35.52506256,24.07786751,0.0,1.0
159.25,-24.25,609.0,2743.0,2184.0,4.0,2.207000041,169.8554077,34.70927429,1.776849031,35.57395554,23.8033886,0.0,1.0
159.75,-24.25,607.0,2226.0,1672.0,4.0,2.049000002,150.0301056,34.62204742,2.395308971,35.58489227,23.75577354,0.0,1.0
